block_id,session,category,split,row_start,row_end_exclusive,nrows,package_start,package_end_exclusive
0,MU_SESSION_002,DDoS,train,0,2970,2970,0,2970
1,MU_SESSION_002,DDoS,val,2970,3606,636,2970,3606
2,MU_SESSION_002,DDoS,test_within,3606,4243,637,3606,4243
3,MU_SESSION_003,DDoS,train,4243,14243,10000,4243,14243
4,MU_SESSION_003,DDoS,train,14243,23842,9599,14243,23842
5,MU_SESSION_003,DDoS,val,23842,28042,4200,23842,28042
6,MU_SESSION_003,DDoS,test_within,28042,32242,4200,28042,32242
7,MU_SESSION_004,DDoS,train,32242,42242,10000,32242,42242
8,MU_SESSION_004,DDoS,train,42242,52242,10000,42242,52242
9,MU_SESSION_004,DDoS,train,52242,62242,10000,52242,62242
10,MU_SESSION_004,DDoS,train,62242,72242,10000,62242,72242
11,MU_SESSION_004,DDoS,train,72242,82242,10000,72242,82242
12,MU_SESSION_004,DDoS,train,82242,92242,10000,82242,92242
13,MU_SESSION_004,DDoS,train,92242,94451,2209,92242,94451
14,MU_SESSION_004,DDoS,val,94451,104451,10000,94451,104451
15,MU_SESSION_004,DDoS,val,104451,107782,3331,104451,107782
16,MU_SESSION_004,DDoS,test_within,107782,117782,10000,107782,117782
17,MU_SESSION_004,DDoS,test_within,117782,121113,3331,117782,121113
18,MU_SESSION_001,DDoS,train,121113,131113,10000,121113,131113
20,MU_SESSION_001,DDoS,train,141113,151113,10000,131113,141113
22,MU_SESSION_001,DDoS,train,161113,171113,10000,141113,151113
24,MU_SESSION_001,DDoS,train,181113,191113,10000,151113,161113
26,MU_SESSION_001,DDoS,train,201113,211113,10000,161113,171113
28,MU_SESSION_001,DDoS,train,221113,231113,10000,171113,181113
32,MU_SESSION_001,DDoS,train,261113,271113,10000,181113,191113
34,MU_SESSION_001,DDoS,train,281113,291113,10000,191113,201113
36,MU_SESSION_001,DDoS,train,301113,311113,10000,201113,211113
38,MU_SESSION_001,DDoS,val,317045,327045,10000,211113,221113
39,MU_SESSION_001,DDoS,val,327045,337045,10000,221113,231113
42,MU_SESSION_001,DDoS,val,357045,359030,1985,231113,233098
43,MU_SESSION_001,DDoS,test_within,359030,369030,10000,233098,243098
44,MU_SESSION_001,DDoS,test_within,369030,379030,10000,243098,253098
46,MU_SESSION_001,DDoS,test_within,389030,399030,10000,253098,263098
48,MU_SESSION_030,DDoS,train,401016,411016,10000,263098,273098
49,MU_SESSION_030,DDoS,train,411016,411545,529,273098,273627
50,MU_SESSION_030,DDoS,val,411545,413801,2256,273627,275883
51,MU_SESSION_030,DDoS,test_within,413801,416058,2257,275883,278140
52,MU_SESSION_005,DDoS,train,416058,426058,10000,278140,288140
53,MU_SESSION_005,DDoS,train,426058,436058,10000,288140,298140
54,MU_SESSION_005,DDoS,train,436058,446058,10000,298140,308140
56,MU_SESSION_005,DDoS,train,456058,466058,10000,308140,318140
57,MU_SESSION_005,DDoS,train,466058,476058,10000,318140,328140
59,MU_SESSION_005,DDoS,train,486058,496058,10000,328140,338140
62,MU_SESSION_005,DDoS,train,516058,521461,5403,338140,343543
63,MU_SESSION_005,DDoS,val,521461,531461,10000,343543,353543
65,MU_SESSION_005,DDoS,val,541461,544048,2587,353543,356130
66,MU_SESSION_005,DDoS,test_within,544048,554048,10000,356130,366130
67,MU_SESSION_005,DDoS,test_within,554048,564048,10000,366130,376130
68,MU_SESSION_005,DDoS,test_within,564048,566635,2587,376130,378717
69,MU_SESSION_022,DDoS,train,566635,576635,10000,378717,388717
70,MU_SESSION_022,DDoS,train,576635,586635,10000,388717,398717
71,MU_SESSION_022,DDoS,train,586635,596635,10000,398717,408717
72,MU_SESSION_022,DDoS,train,596635,606635,10000,408717,418717
74,MU_SESSION_022,DDoS,train,616635,626635,10000,418717,428717
75,MU_SESSION_022,DDoS,train,626635,636635,10000,428717,438717
77,MU_SESSION_022,DDoS,train,646635,656635,10000,438717,448717
78,MU_SESSION_022,DDoS,train,656635,666635,10000,448717,458717
79,MU_SESSION_022,DDoS,train,666635,672038,5403,458717,464120
81,MU_SESSION_022,DDoS,val,682038,692038,10000,464120,474120
82,MU_SESSION_022,DDoS,val,692038,694625,2587,474120,476707
83,MU_SESSION_022,DDoS,test_within,694625,704625,10000,476707,486707
84,MU_SESSION_022,DDoS,test_within,704625,714625,10000,486707,496707
85,MU_SESSION_022,DDoS,test_within,714625,717212,2587,496707,499294
86,MU_SESSION_024,DDoS,train,717212,727212,10000,499294,509294
92,MU_SESSION_024,DDoS,train,777212,787212,10000,509294,519294
117,MU_SESSION_024,DDoS,train,1027212,1037212,10000,519294,529294
194,MU_SESSION_024,DDoS,train,1797212,1807212,10000,529294,539294
220,MU_SESSION_024,DDoS,train,2057212,2067212,10000,539294,549294
246,MU_SESSION_024,DDoS,train,2317212,2327212,10000,549294,559294
271,MU_SESSION_024,DDoS,train,2567212,2577212,10000,559294,569294
297,MU_SESSION_024,DDoS,train,2827212,2837212,10000,569294,579294
400,MU_SESSION_024,DDoS,val,3854405,3864405,10000,579294,589294
425,MU_SESSION_024,DDoS,val,4104405,4114405,10000,589294,599294
461,MU_SESSION_024,DDoS,val,4464405,4465947,1542,599294,600836
477,MU_SESSION_024,DDoS,test_within,4615947,4625947,10000,600836,610836
503,MU_SESSION_024,DDoS,test_within,4875947,4885947,10000,610836,620836
528,MU_SESSION_024,DDoS,test_within,5125947,5127489,1542,620836,622378
529,MU_SESSION_028,DDoS,train,5127489,5137489,10000,622378,632378
531,MU_SESSION_028,DDoS,train,5147489,5157489,10000,632378,642378
582,MU_SESSION_028,DDoS,train,5657489,5667489,10000,642378,652378
633,MU_SESSION_028,DDoS,train,6167489,6177489,10000,652378,662378
685,MU_SESSION_028,DDoS,train,6687489,6697489,10000,662378,672378
736,MU_SESSION_028,DDoS,train,7197489,7207489,10000,672378,682378
788,MU_SESSION_028,DDoS,train,7717489,7727489,10000,682378,692378
839,MU_SESSION_028,DDoS,train,8227489,8237489,10000,692378,702378
942,MU_SESSION_028,DDoS,val,9253446,9263446,10000,702378,712378
968,MU_SESSION_028,DDoS,test_within,9506151,9516151,10000,712378,722378
994,MU_SESSION_028,DDoS,test_within,9766151,9776151,10000,722378,732378
995,MU_SESSION_028,DDoS,test_within,9776151,9786151,10000,732378,742378
1045,MU_SESSION_028,DDoS,test_within,10276151,10278857,2706,742378,745084
1046,MU_SESSION_029,DDoS,train,10278857,10279494,637,745084,745721
1047,MU_SESSION_029,DDoS,val,10279494,10279631,137,745721,745858
1048,MU_SESSION_029,DDoS,test_within,10279631,10279768,137,745858,745995
1057,MU_SESSION_031,DDoS,test_heldout,10359768,10369768,10000,745995,755995
1058,MU_SESSION_031,DDoS,test_heldout,10369768,10379768,10000,755995,765995
1059,MU_SESSION_031,DDoS,test_heldout,10379768,10389768,10000,765995,775995
1060,MU_SESSION_031,DDoS,test_heldout,10389768,10399768,10000,775995,785995
1061,MU_SESSION_031,DDoS,test_heldout,10399768,10409768,10000,785995,795995
1062,MU_SESSION_031,DDoS,test_heldout,10409768,10419768,10000,795995,805995
1063,MU_SESSION_031,DDoS,test_heldout,10419768,10429768,10000,805995,815995
1064,MU_SESSION_031,DDoS,test_heldout,10429768,10439768,10000,815995,825995
1065,MU_SESSION_031,DDoS,test_heldout,10439768,10449768,10000,825995,835995
1066,MU_SESSION_031,DDoS,test_heldout,10449768,10459768,10000,835995,845995
1067,MU_SESSION_031,DDoS,test_heldout,10459768,10469768,10000,845995,855995
1068,MU_SESSION_031,DDoS,test_heldout,10469768,10479768,10000,855995,865995
1069,MU_SESSION_031,DDoS,test_heldout,10479768,10489768,10000,865995,875995
1070,MU_SESSION_031,DDoS,test_heldout,10489768,10499768,10000,875995,885995
1071,MU_SESSION_031,DDoS,test_heldout,10499768,10509768,10000,885995,895995
1072,MU_SESSION_031,DDoS,test_heldout,10509768,10519768,10000,895995,905995
1073,MU_SESSION_031,DDoS,test_heldout,10519768,10529768,10000,905995,915995
1074,MU_SESSION_031,DDoS,test_heldout,10529768,10539768,10000,915995,925995
1075,MU_SESSION_031,DDoS,test_heldout,10539768,10549768,10000,925995,935995
1076,MU_SESSION_031,DDoS,test_heldout,10549768,10559768,10000,935995,945995
1316,MU_SESSION_018,Injection,train,12946205,12956205,10000,945995,955995
1317,MU_SESSION_018,Injection,train,12956205,12966205,10000,955995,965995
1318,MU_SESSION_018,Injection,train,12966205,12976205,10000,965995,975995
1319,MU_SESSION_018,Injection,train,12976205,12986205,10000,975995,985995
1320,MU_SESSION_018,Injection,train,12986205,12996205,10000,985995,995995
1321,MU_SESSION_018,Injection,train,12996205,13006205,10000,995995,1005995
1322,MU_SESSION_018,Injection,train,13006205,13016205,10000,1005995,1015995
1323,MU_SESSION_018,Injection,train,13016205,13026205,10000,1015995,1025995
1324,MU_SESSION_018,Injection,train,13026205,13036205,10000,1025995,1035995
1325,MU_SESSION_018,Injection,train,13036205,13046205,10000,1035995,1045995
1326,MU_SESSION_018,Injection,train,13046205,13056205,10000,1045995,1055995
1327,MU_SESSION_018,Injection,train,13056205,13066205,10000,1055995,1065995
1328,MU_SESSION_018,Injection,train,13066205,13072431,6226,1065995,1072221
1329,MU_SESSION_018,Injection,val,13072431,13082431,10000,1072221,1082221
1330,MU_SESSION_018,Injection,val,13082431,13092431,10000,1082221,1092221
1331,MU_SESSION_018,Injection,val,13092431,13099480,7049,1092221,1099270
1332,MU_SESSION_018,Injection,test_within,13099480,13109480,10000,1099270,1109270
1333,MU_SESSION_018,Injection,test_within,13109480,13119480,10000,1109270,1119270
1334,MU_SESSION_018,Injection,test_within,13119480,13126529,7049,1119270,1126319
1335,MU_SESSION_016,Injection,train,13126529,13133867,7338,1126319,1133657
1336,MU_SESSION_016,Injection,val,13133867,13135439,1572,1133657,1135229
1337,MU_SESSION_016,Injection,test_within,13135439,13137012,1573,1135229,1136802
1338,MU_SESSION_025,Injection,train,13137012,13147012,10000,1136802,1146802
1339,MU_SESSION_025,Injection,train,13147012,13157012,10000,1146802,1156802
1340,MU_SESSION_025,Injection,train,13157012,13167012,10000,1156802,1166802
1341,MU_SESSION_025,Injection,train,13167012,13168803,1791,1166802,1168593
1342,MU_SESSION_025,Injection,val,13168803,13175615,6812,1168593,1175405
1343,MU_SESSION_025,Injection,test_within,13175615,13182428,6813,1175405,1182218
1344,MU_SESSION_026,Injection,test_heldout,13182428,13192428,10000,1182218,1192218
1345,MU_SESSION_026,Injection,test_heldout,13192428,13202428,10000,1192218,1202218
1346,MU_SESSION_026,Injection,test_heldout,13202428,13212428,10000,1202218,1212218
1347,MU_SESSION_026,Injection,test_heldout,13212428,13222428,10000,1212218,1222218
1348,MU_SESSION_026,Injection,test_heldout,13222428,13232428,10000,1222218,1232218
1349,MU_SESSION_026,Injection,test_heldout,13232428,13242428,10000,1232218,1242218
1350,MU_SESSION_026,Injection,test_heldout,13242428,13252428,10000,1242218,1252218
1351,MU_SESSION_026,Injection,test_heldout,13252428,13262428,10000,1252218,1262218
1352,MU_SESSION_026,Injection,test_heldout,13262428,13272428,10000,1262218,1272218
1353,MU_SESSION_026,Injection,test_heldout,13272428,13282428,10000,1272218,1282218
1354,MU_SESSION_026,Injection,test_heldout,13282428,13292428,10000,1282218,1292218
1355,MU_SESSION_026,Injection,test_heldout,13292428,13302428,10000,1292218,1302218
1356,MU_SESSION_026,Injection,test_heldout,13302428,13312428,10000,1302218,1312218
1357,MU_SESSION_026,Injection,test_heldout,13312428,13315192,2764,1312218,1314982
1358,MU_SESSION_027,MiTM,train,13315192,13315923,731,1314982,1315713
1359,MU_SESSION_027,MiTM,val,13315923,13316080,157,1315713,1315870
1360,MU_SESSION_027,MiTM,test_within,13316080,13316237,157,1315870,1316027
1361,MU_SESSION_017,MiTM,train,13316237,13326237,10000,1316027,1326027
1362,MU_SESSION_017,MiTM,train,13326237,13334129,7892,1326027,1333919
1363,MU_SESSION_017,MiTM,val,13334129,13337963,3834,1333919,1337753
1364,MU_SESSION_017,MiTM,test_within,13337963,13341798,3835,1337753,1341588
1365,MU_SESSION_006,Password_Hacking,train,13341798,13351798,10000,1341588,1351588
1366,MU_SESSION_006,Password_Hacking,train,13351798,13361798,10000,1351588,1361588
1367,MU_SESSION_006,Password_Hacking,train,13361798,13371798,10000,1361588,1371588
1368,MU_SESSION_006,Password_Hacking,train,13371798,13381798,10000,1371588,1381588
1369,MU_SESSION_006,Password_Hacking,train,13381798,13391798,10000,1381588,1391588
1370,MU_SESSION_006,Password_Hacking,train,13391798,13401798,10000,1391588,1401588
1391,MU_SESSION_006,Password_Hacking,val,13597538,13607538,10000,1401588,1411588
1397,MU_SESSION_006,Password_Hacking,test_within,13652340,13662340,10000,1411588,1421588
1398,MU_SESSION_006,Password_Hacking,test_within,13662340,13672340,10000,1421588,1431588
1403,MU_SESSION_007,Password_Hacking,train,13707142,13717142,10000,1431588,1441588
1404,MU_SESSION_007,Password_Hacking,train,13717142,13727142,10000,1441588,1451588
1445,MU_SESSION_007,Password_Hacking,train,14127142,14137142,10000,1451588,1461588
1446,MU_SESSION_007,Password_Hacking,train,14137142,14147142,10000,1461588,1471588
1447,MU_SESSION_007,Password_Hacking,train,14147142,14157142,10000,1471588,1481588
1485,MU_SESSION_007,Password_Hacking,val,14521192,14531192,10000,1481588,1491588
1503,MU_SESSION_007,Password_Hacking,test_within,14695631,14705631,10000,1491588,1501588
1504,MU_SESSION_007,Password_Hacking,test_within,14705631,14715631,10000,1501588,1511588
1521,MU_SESSION_008,Password_Hacking,train,14870071,14880071,10000,1511588,1521588
1522,MU_SESSION_008,Password_Hacking,train,14880071,14890071,10000,1521588,1531588
1523,MU_SESSION_008,Password_Hacking,train,14890071,14900071,10000,1531588,1541588
1524,MU_SESSION_008,Password_Hacking,train,14900071,14910071,10000,1541588,1551588
1525,MU_SESSION_008,Password_Hacking,train,14910071,14920071,10000,1551588,1561588
1526,MU_SESSION_008,Password_Hacking,train,14920071,14930071,10000,1561588,1571588
1530,MU_SESSION_008,Password_Hacking,val,14952678,14962678,10000,1571588,1581588
1532,MU_SESSION_008,Password_Hacking,test_within,14970379,14980379,10000,1581588,1591588
1533,MU_SESSION_008,Password_Hacking,test_within,14980379,14988081,7702,1591588,1599290
1534,MU_SESSION_009,Password_Hacking,train,14988081,14998081,10000,1599290,1609290
1535,MU_SESSION_009,Password_Hacking,train,14998081,15008081,10000,1609290,1619290
1536,MU_SESSION_009,Password_Hacking,train,15008081,15018081,10000,1619290,1629290
1537,MU_SESSION_009,Password_Hacking,train,15018081,15028081,10000,1629290,1639290
1538,MU_SESSION_009,Password_Hacking,train,15028081,15038081,10000,1639290,1649290
1539,MU_SESSION_009,Password_Hacking,train,15038081,15048081,10000,1649290,1659290
1547,MU_SESSION_009,Password_Hacking,val,15114109,15124109,10000,1659290,1669290
1548,MU_SESSION_009,Password_Hacking,val,15124109,15134109,10000,1669290,1679290
1550,MU_SESSION_009,Password_Hacking,test_within,15141115,15151115,10000,1679290,1689290
1551,MU_SESSION_009,Password_Hacking,test_within,15151115,15161115,10000,1689290,1699290
1553,MU_SESSION_010,Password_Hacking,train,15168122,15178122,10000,1699290,1709290
1554,MU_SESSION_010,Password_Hacking,train,15178122,15188122,10000,1709290,1719290
1555,MU_SESSION_010,Password_Hacking,train,15188122,15198122,10000,1719290,1729290
1556,MU_SESSION_010,Password_Hacking,train,15198122,15208122,10000,1729290,1739290
1557,MU_SESSION_010,Password_Hacking,train,15208122,15218122,10000,1739290,1749290
1577,MU_SESSION_010,Password_Hacking,val,15406315,15416315,10000,1749290,1759290
1583,MU_SESSION_010,Password_Hacking,test_within,15457356,15467356,10000,1759290,1769290
1588,MU_SESSION_010,Password_Hacking,test_within,15507356,15508398,1042,1769290,1770332
1589,MU_SESSION_011,Password_Hacking,train,15508398,15518398,10000,1770332,1780332
1590,MU_SESSION_011,Password_Hacking,train,15518398,15528398,10000,1780332,1790332
1591,MU_SESSION_011,Password_Hacking,train,15528398,15538398,10000,1790332,1800332
1592,MU_SESSION_011,Password_Hacking,train,15538398,15548398,10000,1800332,1810332
1593,MU_SESSION_011,Password_Hacking,train,15548398,15558398,10000,1810332,1820332
1614,MU_SESSION_011,Password_Hacking,val,15748662,15758662,10000,1820332,1830332
1620,MU_SESSION_011,Password_Hacking,test_within,15800147,15810147,10000,1830332,1840332
1626,MU_SESSION_012,Password_Hacking,train,15851633,15861633,10000,1840332,1850332
1627,MU_SESSION_012,Password_Hacking,train,15861633,15871633,10000,1850332,1860332
1628,MU_SESSION_012,Password_Hacking,train,15871633,15881633,10000,1860332,1870332
1649,MU_SESSION_012,Password_Hacking,train,16081633,16091633,10000,1870332,1880332
1650,MU_SESSION_012,Password_Hacking,train,16091633,16101633,10000,1880332,1890332
1701,MU_SESSION_012,Password_Hacking,val,16600301,16610301,10000,1890332,1900332
1718,MU_SESSION_012,Password_Hacking,test_within,16760730,16770730,10000,1900332,1910332
1719,MU_SESSION_012,Password_Hacking,test_within,16770730,16780730,10000,1910332,1920332
1734,MU_SESSION_012,Password_Hacking,test_within,16920730,16921160,430,1920332,1920762
1740,MU_SESSION_013,Password_Hacking,test_heldout,16971160,16981160,10000,1920762,1930762
1741,MU_SESSION_013,Password_Hacking,test_heldout,16981160,16991160,10000,1930762,1940762
1742,MU_SESSION_013,Password_Hacking,test_heldout,16991160,17001160,10000,1940762,1950762
1743,MU_SESSION_013,Password_Hacking,test_heldout,17001160,17011160,10000,1950762,1960762
1744,MU_SESSION_013,Password_Hacking,test_heldout,17011160,17021160,10000,1960762,1970762
1745,MU_SESSION_013,Password_Hacking,test_heldout,17021160,17031160,10000,1970762,1980762
1746,MU_SESSION_013,Password_Hacking,test_heldout,17031160,17041160,10000,1980762,1990762
1747,MU_SESSION_013,Password_Hacking,test_heldout,17041160,17051160,10000,1990762,2000762
1748,MU_SESSION_013,Password_Hacking,test_heldout,17051160,17061160,10000,2000762,2010762
1749,MU_SESSION_013,Password_Hacking,test_heldout,17061160,17071160,10000,2010762,2020762
1750,MU_SESSION_013,Password_Hacking,test_heldout,17071160,17081160,10000,2020762,2030762
1751,MU_SESSION_013,Password_Hacking,test_heldout,17081160,17091160,10000,2030762,2040762
1752,MU_SESSION_013,Password_Hacking,test_heldout,17091160,17101160,10000,2040762,2050762
1753,MU_SESSION_013,Password_Hacking,test_heldout,17101160,17111160,10000,2050762,2060762
1754,MU_SESSION_013,Password_Hacking,test_heldout,17111160,17121160,10000,2060762,2070762
1755,MU_SESSION_013,Password_Hacking,test_heldout,17121160,17131160,10000,2070762,2080762
1756,MU_SESSION_013,Password_Hacking,test_heldout,17131160,17141160,10000,2080762,2090762
1757,MU_SESSION_013,Password_Hacking,test_heldout,17141160,17151160,10000,2090762,2100762
1758,MU_SESSION_013,Password_Hacking,test_heldout,17151160,17161160,10000,2100762,2110762
1759,MU_SESSION_013,Password_Hacking,test_heldout,17161160,17171160,10000,2110762,2120762
1829,MU_SESSION_014,Password_Hacking,train,17857243,17867243,10000,2120762,2130762
1830,MU_SESSION_014,Password_Hacking,train,17867243,17877243,10000,2130762,2140762
1831,MU_SESSION_014,Password_Hacking,train,17877243,17887243,10000,2140762,2150762
1832,MU_SESSION_014,Password_Hacking,train,17887243,17897243,10000,2150762,2160762
1833,MU_SESSION_014,Password_Hacking,train,17897243,17907243,10000,2160762,2170762
1834,MU_SESSION_014,Password_Hacking,train,17907243,17917243,10000,2170762,2180762
1837,MU_SESSION_014,Password_Hacking,val,17931018,17941018,10000,2180762,2190762
1839,MU_SESSION_014,Password_Hacking,test_within,17946827,17956827,10000,2190762,2200762
1841,MU_SESSION_015,Password_Hacking,train,17962637,17972637,10000,2200762,2210762
1842,MU_SESSION_015,Password_Hacking,train,17972637,17982637,10000,2210762,2220762
1843,MU_SESSION_015,Password_Hacking,train,17982637,17992637,10000,2220762,2230762
1844,MU_SESSION_015,Password_Hacking,train,17992637,18002637,10000,2230762,2240762
1845,MU_SESSION_015,Password_Hacking,train,18002637,18012637,10000,2240762,2250762
1846,MU_SESSION_015,Password_Hacking,train,18012637,18022637,10000,2250762,2260762
1861,MU_SESSION_015,Password_Hacking,val,18157742,18167742,10000,2260762,2270762
1866,MU_SESSION_015,Password_Hacking,test_within,18199550,18209550,10000,2270762,2280762
1867,MU_SESSION_015,Password_Hacking,test_within,18209550,18219550,10000,2280762,2290762
1871,MU_SESSION_019,Scan,train,18241359,18251359,10000,2290762,2300762
1872,MU_SESSION_019,Scan,train,18251359,18261359,10000,2300762,2310762
1873,MU_SESSION_019,Scan,train,18261359,18271359,10000,2310762,2320762
1874,MU_SESSION_019,Scan,train,18271359,18281359,10000,2320762,2330762
1875,MU_SESSION_019,Scan,train,18281359,18291359,10000,2330762,2340762
1876,MU_SESSION_019,Scan,train,18291359,18301359,10000,2340762,2350762
1877,MU_SESSION_019,Scan,train,18301359,18311359,10000,2350762,2360762
1878,MU_SESSION_019,Scan,train,18311359,18321359,10000,2360762,2370762
1879,MU_SESSION_019,Scan,train,18321359,18331359,10000,2370762,2380762
1935,MU_SESSION_019,Scan,train,18881359,18891359,10000,2380762,2390762
1936,MU_SESSION_019,Scan,train,18891359,18901359,10000,2390762,2400762
1937,MU_SESSION_019,Scan,train,18901359,18911359,10000,2400762,2410762
1938,MU_SESSION_019,Scan,train,18911359,18921359,10000,2410762,2420762
1939,MU_SESSION_019,Scan,train,18921359,18931359,10000,2420762,2430762
1940,MU_SESSION_019,Scan,train,18931359,18941359,10000,2430762,2440762
1941,MU_SESSION_019,Scan,train,18941359,18951359,10000,2440762,2450762
1942,MU_SESSION_019,Scan,train,18951359,18961359,10000,2450762,2460762
2046,MU_SESSION_019,Scan,train,19991359,20001359,10000,2460762,2470762
2047,MU_SESSION_019,Scan,train,20001359,20011359,10000,2470762,2480762
2048,MU_SESSION_019,Scan,train,20011359,20021359,10000,2480762,2490762
2049,MU_SESSION_019,Scan,train,20021359,20031359,10000,2490762,2500762
2050,MU_SESSION_019,Scan,train,20031359,20041359,10000,2500762,2510762
2051,MU_SESSION_019,Scan,train,20041359,20051359,10000,2510762,2520762
2052,MU_SESSION_019,Scan,train,20051359,20061359,10000,2520762,2530762
2053,MU_SESSION_019,Scan,train,20061359,20071359,10000,2530762,2540762
2054,MU_SESSION_019,Scan,train,20071359,20081359,10000,2540762,2550762
2149,MU_SESSION_019,Scan,val,21013918,21023918,10000,2550762,2560762
2150,MU_SESSION_019,Scan,val,21023918,21033918,10000,2560762,2570762
2157,MU_SESSION_019,Scan,val,21093918,21103918,10000,2570762,2580762
2158,MU_SESSION_019,Scan,val,21103918,21113918,10000,2580762,2590762
2159,MU_SESSION_019,Scan,val,21113918,21123918,10000,2590762,2600762
2209,MU_SESSION_019,Scan,test_within,21608038,21618038,10000,2600762,2610762
2210,MU_SESSION_019,Scan,test_within,21618038,21628038,10000,2610762,2620762
2211,MU_SESSION_019,Scan,test_within,21628038,21638038,10000,2620762,2630762
2212,MU_SESSION_019,Scan,test_within,21638038,21648038,10000,2630762,2640762
2213,MU_SESSION_019,Scan,test_within,21648038,21658038,10000,2640762,2650762
2214,MU_SESSION_019,Scan,test_within,21658038,21668038,10000,2650762,2660762
2215,MU_SESSION_019,Scan,test_within,21668038,21678038,10000,2660762,2670762
2216,MU_SESSION_019,Scan,test_within,21678038,21688038,10000,2670762,2680762
2268,MU_SESSION_019,Scan,test_within,22198038,22202158,4120,2680762,2684882
2269,MU_SESSION_020,Scan,train,22202158,22212158,10000,2684882,2694882
2270,MU_SESSION_020,Scan,train,22212158,22222158,10000,2694882,2704882
2271,MU_SESSION_020,Scan,train,22222158,22232158,10000,2704882,2714882
2272,MU_SESSION_020,Scan,train,22232158,22242158,10000,2714882,2724882
2273,MU_SESSION_020,Scan,train,22242158,22252158,10000,2724882,2734882
2274,MU_SESSION_020,Scan,train,22252158,22262158,10000,2734882,2744882
2275,MU_SESSION_020,Scan,train,22262158,22272158,10000,2744882,2754882
2276,MU_SESSION_020,Scan,train,22272158,22282158,10000,2754882,2764882
2277,MU_SESSION_020,Scan,train,22282158,22292158,10000,2764882,2774882
2278,MU_SESSION_020,Scan,train,22292158,22302158,10000,2774882,2784882
2279,MU_SESSION_020,Scan,train,22302158,22312158,10000,2784882,2794882
2280,MU_SESSION_020,Scan,train,22312158,22322158,10000,2794882,2804882
2281,MU_SESSION_020,Scan,train,22322158,22332158,10000,2804882,2814882
2282,MU_SESSION_020,Scan,train,22332158,22342158,10000,2814882,2824882
2283,MU_SESSION_020,Scan,train,22342158,22352158,10000,2824882,2834882
2284,MU_SESSION_020,Scan,train,22352158,22362158,10000,2834882,2844882
2285,MU_SESSION_020,Scan,train,22362158,22372158,10000,2844882,2854882
2286,MU_SESSION_020,Scan,train,22372158,22382158,10000,2854882,2864882
2287,MU_SESSION_020,Scan,train,22382158,22392158,10000,2864882,2874882
2288,MU_SESSION_020,Scan,train,22392158,22402158,10000,2874882,2884882
2289,MU_SESSION_020,Scan,train,22402158,22412158,10000,2884882,2894882
2290,MU_SESSION_020,Scan,train,22412158,22422158,10000,2894882,2904882
2291,MU_SESSION_020,Scan,train,22422158,22432158,10000,2904882,2914882
2292,MU_SESSION_020,Scan,train,22432158,22442158,10000,2914882,2924882
2298,MU_SESSION_020,Scan,val,22482429,22492429,10000,2924882,2934882
2299,MU_SESSION_020,Scan,val,22492429,22502429,10000,2934882,2944882
2300,MU_SESSION_020,Scan,val,22502429,22512429,10000,2944882,2954882
2301,MU_SESSION_020,Scan,val,22512429,22522429,10000,2954882,2964882
2302,MU_SESSION_020,Scan,val,22522429,22532429,10000,2964882,2974882
2305,MU_SESSION_020,Scan,test_within,22542487,22552487,10000,2974882,2984882
2306,MU_SESSION_020,Scan,test_within,22552487,22562487,10000,2984882,2994882
2307,MU_SESSION_020,Scan,test_within,22562487,22572487,10000,2994882,3004882
2308,MU_SESSION_020,Scan,test_within,22572487,22582487,10000,3004882,3014882
2309,MU_SESSION_020,Scan,test_within,22582487,22592487,10000,3014882,3024882
2310,MU_SESSION_020,Scan,test_within,22592487,22602487,10000,3024882,3034882
2311,MU_SESSION_020,Scan,test_within,22602487,22602546,59,3034882,3034941
2312,MU_SESSION_021,Scan,test_heldout,22602546,22612546,10000,3034941,3044941
2313,MU_SESSION_021,Scan,test_heldout,22612546,22622546,10000,3044941,3054941
2314,MU_SESSION_021,Scan,test_heldout,22622546,22632546,10000,3054941,3064941
2315,MU_SESSION_021,Scan,test_heldout,22632546,22642546,10000,3064941,3074941
2316,MU_SESSION_021,Scan,test_heldout,22642546,22652546,10000,3074941,3084941
2317,MU_SESSION_021,Scan,test_heldout,22652546,22662546,10000,3084941,3094941
2318,MU_SESSION_021,Scan,test_heldout,22662546,22672546,10000,3094941,3104941
2319,MU_SESSION_021,Scan,test_heldout,22672546,22682546,10000,3104941,3114941
2320,MU_SESSION_021,Scan,test_heldout,22682546,22692546,10000,3114941,3124941
2321,MU_SESSION_021,Scan,test_heldout,22692546,22702546,10000,3124941,3134941
2322,MU_SESSION_021,Scan,test_heldout,22702546,22712546,10000,3134941,3144941
2323,MU_SESSION_021,Scan,test_heldout,22712546,22722546,10000,3144941,3154941
2324,MU_SESSION_021,Scan,test_heldout,22722546,22732546,10000,3154941,3164941
2325,MU_SESSION_021,Scan,test_heldout,22732546,22742546,10000,3164941,3174941
2326,MU_SESSION_021,Scan,test_heldout,22742546,22752546,10000,3174941,3184941
2327,MU_SESSION_021,Scan,test_heldout,22752546,22762546,10000,3184941,3194941
2328,MU_SESSION_021,Scan,test_heldout,22762546,22772546,10000,3194941,3204941
2329,MU_SESSION_021,Scan,test_heldout,22772546,22782546,10000,3204941,3214941
2330,MU_SESSION_021,Scan,test_heldout,22782546,22792546,10000,3214941,3224941
2331,MU_SESSION_021,Scan,test_heldout,22792546,22802546,10000,3224941,3234941
2399,MU_SESSION_023,Spyware,train,23469451,23479451,10000,3234941,3244941
2400,MU_SESSION_023,Spyware,train,23479451,23489451,10000,3244941,3254941
2401,MU_SESSION_023,Spyware,train,23489451,23499451,10000,3254941,3264941
2402,MU_SESSION_023,Spyware,train,23499451,23509451,10000,3264941,3274941
2403,MU_SESSION_023,Spyware,train,23509451,23519451,10000,3274941,3284941
2404,MU_SESSION_023,Spyware,train,23519451,23529451,10000,3284941,3294941
2405,MU_SESSION_023,Spyware,train,23529451,23539451,10000,3294941,3304941
2406,MU_SESSION_023,Spyware,train,23539451,23549451,10000,3304941,3314941
2407,MU_SESSION_023,Spyware,train,23549451,23559451,10000,3314941,3324941
2408,MU_SESSION_023,Spyware,train,23559451,23564522,5071,3324941,3330012
2409,MU_SESSION_023,Spyware,val,23564522,23574522,10000,3330012,3340012
2410,MU_SESSION_023,Spyware,val,23574522,23584522,10000,3340012,3350012
2411,MU_SESSION_023,Spyware,val,23584522,23584895,373,3350012,3350385
2412,MU_SESSION_023,Spyware,test_within,23584895,23594895,10000,3350385,3360385
2413,MU_SESSION_023,Spyware,test_within,23594895,23604895,10000,3360385,3370385
2414,MU_SESSION_023,Spyware,test_within,23604895,23605268,373,3370385,3370758
2415,MU_SESSION_032,normal,train,23605268,23615268,10000,3370758,3380758
2416,MU_SESSION_032,normal,train,23615268,23625268,10000,3380758,3390758
2417,MU_SESSION_032,normal,train,23625268,23635268,10000,3390758,3400758
2418,MU_SESSION_032,normal,train,23635268,23645268,10000,3400758,3410758
2419,MU_SESSION_032,normal,train,23645268,23655268,10000,3410758,3420758
2420,MU_SESSION_032,normal,train,23655268,23665268,10000,3420758,3430758
2421,MU_SESSION_032,normal,train,23665268,23675268,10000,3430758,3440758
2422,MU_SESSION_032,normal,train,23675268,23685268,10000,3440758,3450758
2423,MU_SESSION_032,normal,train,23685268,23695268,10000,3450758,3460758
2424,MU_SESSION_032,normal,train,23695268,23705268,10000,3460758,3470758
2425,MU_SESSION_032,normal,train,23705268,23715268,10000,3470758,3480758
2426,MU_SESSION_032,normal,train,23715268,23725268,10000,3480758,3490758
2427,MU_SESSION_032,normal,train,23725268,23735268,10000,3490758,3500758
2428,MU_SESSION_032,normal,train,23735268,23745268,10000,3500758,3510758
2429,MU_SESSION_032,normal,train,23745268,23755268,10000,3510758,3520758
2430,MU_SESSION_032,normal,train,23755268,23765268,10000,3520758,3530758
2431,MU_SESSION_032,normal,train,23765268,23775268,10000,3530758,3540758
2432,MU_SESSION_032,normal,train,23775268,23785268,10000,3540758,3550758
2433,MU_SESSION_032,normal,train,23785268,23795268,10000,3550758,3560758
2434,MU_SESSION_032,normal,train,23795268,23805268,10000,3560758,3570758
2435,MU_SESSION_032,normal,train,23805268,23815268,10000,3570758,3580758
2436,MU_SESSION_032,normal,train,23815268,23825268,10000,3580758,3590758
2437,MU_SESSION_032,normal,train,23825268,23835268,10000,3590758,3600758
2438,MU_SESSION_032,normal,train,23835268,23845268,10000,3600758,3610758
2439,MU_SESSION_032,normal,train,23845268,23855268,10000,3610758,3620758
2440,MU_SESSION_032,normal,train,23855268,23865268,10000,3620758,3630758
2441,MU_SESSION_032,normal,train,23865268,23875268,10000,3630758,3640758
2442,MU_SESSION_032,normal,train,23875268,23885268,10000,3640758,3650758
2443,MU_SESSION_032,normal,train,23885268,23895268,10000,3650758,3660758
2444,MU_SESSION_032,normal,train,23895268,23905268,10000,3660758,3670758
2445,MU_SESSION_032,normal,train,23905268,23915268,10000,3670758,3680758
2446,MU_SESSION_032,normal,train,23915268,23925268,10000,3680758,3690758
2447,MU_SESSION_032,normal,train,23925268,23935268,10000,3690758,3700758
2448,MU_SESSION_032,normal,train,23935268,23945268,10000,3700758,3710758
2449,MU_SESSION_032,normal,train,23945268,23955268,10000,3710758,3720758
2450,MU_SESSION_032,normal,train,23955268,23965268,10000,3720758,3730758
2451,MU_SESSION_032,normal,train,23965268,23975268,10000,3730758,3740758
2452,MU_SESSION_032,normal,train,23975268,23985268,10000,3740758,3750758
2453,MU_SESSION_032,normal,train,23985268,23995268,10000,3750758,3760758
2454,MU_SESSION_032,normal,train,23995268,24001464,6196,3760758,3766954
2455,MU_SESSION_032,normal,val,24001464,24011464,10000,3766954,3776954
2456,MU_SESSION_032,normal,val,24011464,24021464,10000,3776954,3786954
2457,MU_SESSION_032,normal,val,24021464,24031464,10000,3786954,3796954
2458,MU_SESSION_032,normal,val,24031464,24041464,10000,3796954,3806954
2459,MU_SESSION_032,normal,val,24041464,24051464,10000,3806954,3816954
2460,MU_SESSION_032,normal,val,24051464,24061464,10000,3816954,3826954
2461,MU_SESSION_032,normal,val,24061464,24071464,10000,3826954,3836954
2462,MU_SESSION_032,normal,val,24071464,24081464,10000,3836954,3846954
2463,MU_SESSION_032,normal,val,24081464,24086363,4899,3846954,3851853
2464,MU_SESSION_032,normal,test_within,24086363,24096363,10000,3851853,3861853
2465,MU_SESSION_032,normal,test_within,24096363,24106363,10000,3861853,3871853
2466,MU_SESSION_032,normal,test_within,24106363,24116363,10000,3871853,3881853
2467,MU_SESSION_032,normal,test_within,24116363,24126363,10000,3881853,3891853
2468,MU_SESSION_032,normal,test_within,24126363,24136363,10000,3891853,3901853
2469,MU_SESSION_032,normal,test_within,24136363,24146363,10000,3901853,3911853
2470,MU_SESSION_032,normal,test_within,24146363,24156363,10000,3911853,3921853
2471,MU_SESSION_032,normal,test_within,24156363,24166363,10000,3921853,3931853
2472,MU_SESSION_032,normal,test_within,24166363,24171263,4900,3931853,3936753
