split,split_id,category,category_id,rows
train,0,DDoS,0,496750
train,0,Injection,1,165355
train,0,MiTM,2,18623
train,0,Password_Hacking,3,500000
train,0,Scan,4,500000
train,0,Spyware,5,95071
train,0,normal,6,396196
val,1,DDoS,0,99261
val,1,Injection,1,35433
val,1,MiTM,2,3991
val,1,Password_Hacking,3,100000
val,1,Scan,4,100000
val,1,Spyware,5,20373
val,1,normal,6,84899
test_within,2,DDoS,0,149984
test_within,2,Injection,1,35435
test_within,2,MiTM,2,3992
test_within,2,Password_Hacking,3,149174
test_within,2,Scan,4,144179
test_within,2,Spyware,5,20373
test_within,2,normal,6,84900
test_heldout,3,DDoS,0,200000
test_heldout,3,Injection,1,132764
test_heldout,3,MiTM,2,0
test_heldout,3,Password_Hacking,3,200000
test_heldout,3,Scan,4,200000
test_heldout,3,Spyware,5,0
test_heldout,3,normal,6,0
