capture_session,category,row_count,percentage_of_dataset
MU_SESSION_028,DDoS,5151368,21.311952130925057
MU_SESSION_024,DDoS,4410277,18.2459518147645
MU_SESSION_019,Scan,3960799,16.38639652383907
MU_SESSION_031,DDoS,2666437,11.031434311065997
MU_SESSION_007,Password_Hacking,1162929,4.811204942000756
MU_SESSION_012,Password_Hacking,1069527,4.424787401469257
MU_SESSION_013,Password_Hacking,936083,3.872710333754591
MU_SESSION_021,Scan,866905,3.586510973795618
MU_SESSION_032,normal,565995,2.341602919135835
MU_SESSION_020,Scan,400388,1.6564628832179769
MU_SESSION_006,Password_Hacking,365344,1.511480802637413
MU_SESSION_011,Password_Hacking,343235,1.4200126820017638
MU_SESSION_010,Password_Hacking,340276,1.4077708723784934
MU_SESSION_001,DDoS,279903,1.157999066908502
MU_SESSION_015,Password_Hacking,278722,1.153113099634057
MU_SESSION_018,Injection,180324,0.7460263867883115
MU_SESSION_009,Password_Hacking,180041,0.7448555749858831
MU_SESSION_022,DDoS,150577,0.6229587589196312
MU_SESSION_005,DDoS,150577,0.6229587589196312
MU_SESSION_023,Spyware,135817,0.5618945108495158
MU_SESSION_026,Injection,132764,0.5492638096734953
MU_SESSION_008,Password_Hacking,118010,0.4882243844684491
MU_SESSION_014,Password_Hacking,105394,0.4360301735163777
MU_SESSION_004,DDoS,88871,0.3676721402601097
MU_SESSION_025,Injection,45416,0.1878925399967722
MU_SESSION_003,DDoS,27999,0.11583589984520049
MU_SESSION_017,MiTM,25561,0.10574954233876815
MU_SESSION_030,DDoS,15042,0.062230922728365494
MU_SESSION_016,Injection,10483,0.04336968241998774
MU_SESSION_002,DDoS,4243,0.01755390274806906
MU_SESSION_027,MiTM,1045,0.00432331566621074
MU_SESSION_029,DDoS,911,0.003768938346332999
