capture_session,DDoS,Injection,MiTM,Password_Hacking,Scan,Spyware,normal
MU_SESSION_001,279903,0,0,0,0,0,0
MU_SESSION_002,4243,0,0,0,0,0,0
MU_SESSION_003,27999,0,0,0,0,0,0
MU_SESSION_004,88871,0,0,0,0,0,0
MU_SESSION_005,150577,0,0,0,0,0,0
MU_SESSION_006,0,0,0,365344,0,0,0
MU_SESSION_007,0,0,0,1162929,0,0,0
MU_SESSION_008,0,0,0,118010,0,0,0
MU_SESSION_009,0,0,0,180041,0,0,0
MU_SESSION_010,0,0,0,340276,0,0,0
MU_SESSION_011,0,0,0,343235,0,0,0
MU_SESSION_012,0,0,0,1069527,0,0,0
MU_SESSION_013,0,0,0,936083,0,0,0
MU_SESSION_014,0,0,0,105394,0,0,0
MU_SESSION_015,0,0,0,278722,0,0,0
MU_SESSION_016,0,10483,0,0,0,0,0
MU_SESSION_017,0,0,25561,0,0,0,0
MU_SESSION_018,0,180324,0,0,0,0,0
MU_SESSION_019,0,0,0,0,3960799,0,0
MU_SESSION_020,0,0,0,0,400388,0,0
MU_SESSION_021,0,0,0,0,866905,0,0
MU_SESSION_022,150577,0,0,0,0,0,0
MU_SESSION_023,0,0,0,0,0,135817,0
MU_SESSION_024,4410277,0,0,0,0,0,0
MU_SESSION_025,0,45416,0,0,0,0,0
MU_SESSION_026,0,132764,0,0,0,0,0
MU_SESSION_027,0,0,1045,0,0,0,0
MU_SESSION_028,5151368,0,0,0,0,0,0
MU_SESSION_029,911,0,0,0,0,0,0
MU_SESSION_030,15042,0,0,0,0,0,0
MU_SESSION_031,2666437,0,0,0,0,0,0
MU_SESSION_032,0,0,0,0,0,0,565995
