relative_path,filename,group,capture_session
ATTACK\DDoS\ICMP_Flood\Bonesi_ICMP_Flood.csv,Bonesi_ICMP_Flood.csv,Bonesi_ICMP_Flood,MU_SESSION_001
ATTACK\DDoS\DNS_amplification\Botnet_DNS_amplification.csv,Botnet_DNS_amplification.csv,Botnet_DNS_amplification,MU_SESSION_002
ATTACK\DDoS\HTTP_FLood\Botnet_HTTP_Flood.csv,Botnet_HTTP_Flood.csv,Botnet_HTTP_Flood,MU_SESSION_003
ATTACK\DDoS\HTTP_FLood\Botnet_HTTP_Flood1.csv,Botnet_HTTP_Flood1.csv,Botnet_HTTP_Flood,MU_SESSION_004
ATTACK\DDoS\Slowloris\Botnet_Slowloris.csv,Botnet_Slowloris.csv,Botnet_Slowloris,MU_SESSION_005
ATTACK\PasswordHacking\Bruteforce\Bruteforce_FTP.csv,Bruteforce_FTP.csv,Bruteforce_FTP,MU_SESSION_006
ATTACK\PasswordHacking\Bruteforce\Bruteforce_HTTP.csv,Bruteforce_HTTP.csv,Bruteforce_HTTP,MU_SESSION_007
ATTACK\PasswordHacking\Bruteforce\Bruteforce_SSH.csv,Bruteforce_SSH.csv,Bruteforce_SSH,MU_SESSION_008
ATTACK\PasswordHacking\Bruteforce\Bruteforce_XMPP.csv,Bruteforce_XMPP.csv,Bruteforce_XMPP,MU_SESSION_009
ATTACK\PasswordHacking\Dictionary\Dictionary_AMQP.csv,Dictionary_AMQP.csv,Dictionary_AMQP,MU_SESSION_010
ATTACK\PasswordHacking\Dictionary\Dictionary_FTP.csv,Dictionary_FTP.csv,Dictionary_FTP,MU_SESSION_011
ATTACK\PasswordHacking\Dictionary\Dictionary_HTTP.csv,Dictionary_HTTP.csv,Dictionary_HTTP,MU_SESSION_012
ATTACK\PasswordHacking\Dictionary\Dictionary_MQTT.csv,Dictionary_MQTT.csv,Dictionary_MQTT,MU_SESSION_013
ATTACK\PasswordHacking\Dictionary\Dictionary_SSH.csv,Dictionary_SSH.csv,Dictionary_SSH,MU_SESSION_014
ATTACK\PasswordHacking\Dictionary\Dictionary_XMPP.csv,Dictionary_XMPP.csv,Dictionary_XMPP,MU_SESSION_015
ATTACK\Injection\upload\Injection_upload.csv,Injection_upload.csv,Injection_upload,MU_SESSION_016
ATTACK\MiTM\Sniffing\MiTM_Sniffing.csv,MiTM_Sniffing.csv,MiTM_Sniffing,MU_SESSION_017
ATTACK\Injection\SQLinjection\SQL_Injection.csv,SQL_Injection.csv,SQL_Injection,MU_SESSION_018
ATTACK\Scan\Recon\Scan_Recon1.csv,Scan_Recon1.csv,Scan_Recon,MU_SESSION_019
ATTACK\Scan\Recon\Scan_Recon2.csv,Scan_Recon2.csv,Scan_Recon,MU_SESSION_020
ATTACK\Scan\VulScan\Scan_Vulscan1.csv,Scan_Vulscan1.csv,Scan_Vulscan,MU_SESSION_021
ATTACK\DDoS\Slowloris\Slowloris.csv,Slowloris.csv,Slowloris,MU_SESSION_022
ATTACK\Spyware\Keylogger\Spyware_Keylogger.csv,Spyware_Keylogger.csv,Spyware_Keylogger,MU_SESSION_023
ATTACK\DDoS\TCP\TCP_SYN_0.csv,TCP_SYN_0.csv,TCP_SYN,MU_SESSION_024
ATTACK\Injection\XSS\XSS_Injection.csv,XSS_Injection.csv,XSS_Injection,MU_SESSION_025
ATTACK\Injection\XSS\XSS_Injection1.csv,XSS_Injection1.csv,XSS_Injection,MU_SESSION_026
ATTACK\MiTM\Poisoning\arp_poisioning.csv,arp_poisioning.csv,arp_poisioning,MU_SESSION_027
ATTACK\DDoS\UDP\bonesi_udp_0.csv,bonesi_udp_0.csv,bonesi_udp,MU_SESSION_028
ATTACK\DDoS\UDP\bonesi_udp_1.csv,bonesi_udp_1.csv,bonesi_udp,MU_SESSION_028
ATTACK\DDoS\UDP\bonesi_udp_2.csv,bonesi_udp_2.csv,bonesi_udp,MU_SESSION_028
ATTACK\DDoS\UDP\botnet_udp_3.csv,botnet_udp_3.csv,botnet_udp,MU_SESSION_029
ATTACK\DDoS\UDP\botnet_udp_4.csv,botnet_udp_4.csv,botnet_udp,MU_SESSION_029
ATTACK\DDoS\UDP\botnet_udp_5.csv,botnet_udp_5.csv,botnet_udp,MU_SESSION_029
ATTACK\DDoS\ICMP_Flood\hping3_ICMP_Flood.csv,hping3_ICMP_Flood.csv,hping3_ICMP_Flood,MU_SESSION_030
ATTACK\DDoS\UDP\hping3_udp_6.csv,hping3_udp_6.csv,hping3_udp,MU_SESSION_031
ATTACK\DDoS\UDP\hping3_udp_7.csv,hping3_udp_7.csv,hping3_udp,MU_SESSION_031
ATTACK\DDoS\UDP\hping3_udp_8.csv,hping3_udp_8.csv,hping3_udp,MU_SESSION_031
ATTACK\DDoS\UDP\hping3_udp_9.csv,hping3_udp_9.csv,hping3_udp,MU_SESSION_033
ATTACK\DDoS\UDP\hping3_udp_10.csv,hping3_udp_10.csv,hping3_udp,MU_SESSION_033
NORMAL\normal.csv,normal.csv,normal,MU_SESSION_032
