column,unique_values_observed,missing_count,infinite_count,is_numeric,is_constant
FPT,4217,0,0,True,False
LPT,4209,0,0,True,False
FD,1297,0,0,True,False
FAMin,407,0,0,True,False
FAMean,1477,0,0,True,False
FAMax,1425,0,0,True,False
FAStd,1334,0,0,True,False
FIMean,1284,0,0,True,False
FIMin,1267,0,0,True,False
FIMax,1273,0,0,True,False
FIStd,1279,0,0,True,False
DSCP_C,785,0,0,True,False
DSCP_M,8,0,0,True,False
DSCP_UV,3,0,0,True,False
DSCP_S,110,0,0,True,False
ECN_C,785,0,0,True,False
ECN_M,2,0,0,True,False
ECN_UV,2,0,0,True,False
ECN_S,103,0,0,True,False
FPC,7,0,0,True,False
TPackets,785,0,0,True,False
TBytes,856,0,0,True,False
SBytes,856,0,0,True,False
DBytes,279,0,0,True,False
PLM,118,0,0,True,False
FI,1477,0,0,True,False
FIAT,1477,0,0,True,False
BIAT,782,0,0,True,False
ForwardPC,785,0,0,True,False
BackwardPC,124,0,0,True,False
FlowR,1477,0,0,True,False
FlowStd,400,0,0,True,False
FlowV,407,0,0,True,False
FH_M,118,0,0,True,False
BH_M,3,24148481,0,True,False
FAPS,392,0,0,True,False
BAPS,154,0,0,True,False
FBPP,392,0,0,True,False
FFD,1477,0,0,True,False
Proto,5,0,0,True,False
SIP,254,0,0,False,False
DIP,107,0,0,False,False
SPort,1182,0,0,True,False
DPort,1066,0,0,True,False
SDuration,1297,0,0,True,False
SPC,785,0,0,True,False
SBCount,856,0,0,True,False
BytesPS,1496,0,0,True,False
PacketsPS,1477,0,0,True,False
RTT,19847,0,0,True,False
HL_Sum,853,0,0,True,False
HL_Mode,115,0,0,True,False
HL_mean,390,0,0,True,False
SYN_FC,22,0,0,True,False
FIN_FC,23,0,0,True,False
RST_FC,16,0,0,True,False
PSH_FC,169,0,0,True,False
URG_FC,7,0,0,True,False
ECE_FC,5,0,0,True,False
CWR_FC,5,0,0,True,False
TCP_HD,7241,0,0,True,False
RCount,16,0,0,True,False
DACount,375,0,0,True,False
CE,1,0,0,True,True
MPackets,785,0,0,True,False
FThroughput,1496,0,0,True,False
BThroughput,781,0,0,True,False
FJitter,1334,0,0,True,False
BJitter,782,0,0,True,False
FBurst,1334,0,0,True,False
FEntropy,859,0,0,True,False
PIA_Var,1334,0,0,True,False
PL,810,0,0,True,False
PEntropy,792,0,0,True,False
MP_Count,18,0,0,True,False
BP_Count,9,0,0,True,False
MGA_L,18,0,0,True,False
MGA_UL,2,0,0,True,False
SIT,4217,0,0,True,False
STT,4209,0,0,True,False
FIPD_Var,1334,0,0,True,False
BIPD_Var,782,0,0,True,False
TCPWS_Sum,344,0,0,True,False
TCPWS_Mean,280,0,0,True,False
TCPWS_Mode,103,0,0,True,False
HTTPRM_L,251,0,0,True,False
HTTPRM_UL,4,0,0,True,False
HTTPRM_M,6,23653264,0,True,False
HTTPGetC,245,23662968,0,True,False
HTTPPutC,4,24171231,0,True,False
HTTPPostC,31,24160777,0,True,False
HTTPDeletC,0,24171263,0,True,True
HTTPPatchC,0,24171263,0,True,True
HTTPHeadC,1,24171144,0,True,True
HTTPOptC,4,24168982,0,True,False
HTTPTraceC,0,24171263,0,True,True
HTTPConC,0,24171263,0,True,True
HTTP_SCL,257,0,0,True,False
HTTP_SCUL:,6,0,0,True,False
HTTP_SCM,18,23813395,0,True,False
DNSQTL,33,0,0,True,False
DNS_QTUL,5,0,0,True,False
DNS_QTM,9,23988059,0,True,False
DNS_RCL,134,0,0,True,False
DNS_RCUL,5,0,0,True,False
DNS_RCM,13,23903069,0,True,False
MQTT_MTL,6,0,0,True,False
MQTT_MTUL,2,0,0,True,False
MQTT_MTM,1,24156134,0,True,True
RTSP_ML,6,0,0,True,False
RTSP_MUL,5,0,0,True,False
RTSP_MM,6,24171039,0,True,False
RTSP_OptionC,1,24171250,0,True,True
RTSP_SETUPC,2,24171249,0,True,False
RTSP_DESCC,1,24171249,0,True,True
RTSP_SPC,0,24171263,0,True,True
RTSP_RecordC,0,24171263,0,True,True
RTSP_TeardownC,1,24171258,0,True,True
RTSP_RedirectC,0,24171263,0,True,True
RTSP_PlayC,1,24171250,0,True,True
RTSP_PauseC,0,24171263,0,True,True
label,2,0,0,False,False
category,7,0,0,False,False
type,17,0,0,False,False
