group,filename,relative_path,next_filename,next_relative_path,first_fpt,last_fpt,next_first_fpt,gap_seconds,category_match,label_match,decision
Bonesi_ICMP_Flood,Bonesi_ICMP_Flood.csv,ATTACK\DDoS\ICMP_Flood\Bonesi_ICMP_Flood.csv,,,1718210428.343992,1718210978.76594,,,,,NO_SUCCESSOR
Botnet_DNS_amplification,Botnet_DNS_amplification.csv,ATTACK\DDoS\DNS_amplification\Botnet_DNS_amplification.csv,,,1718480015.4141,1718480343.611275,,,,,NO_SUCCESSOR
Botnet_HTTP_Flood,Botnet_HTTP_Flood.csv,ATTACK\DDoS\HTTP_FLood\Botnet_HTTP_Flood.csv,Botnet_HTTP_Flood1.csv,ATTACK\DDoS\HTTP_FLood\Botnet_HTTP_Flood1.csv,1718628589.581534,1718628849.88377,1718629643.312154,793.428384065628,True,True,SEPARATE_SESSION
Botnet_HTTP_Flood,Botnet_HTTP_Flood1.csv,ATTACK\DDoS\HTTP_FLood\Botnet_HTTP_Flood1.csv,,,1718629643.312154,1718629857.018119,,,,,NO_SUCCESSOR
Botnet_Slowloris,Botnet_Slowloris.csv,ATTACK\DDoS\Slowloris\Botnet_Slowloris.csv,,,1718478612.058792,1718479018.6517,,,,,NO_SUCCESSOR
Bruteforce_FTP,Bruteforce_FTP.csv,ATTACK\PasswordHacking\Bruteforce\Bruteforce_FTP.csv,,,1718807382.880409,1718815959.849947,,,,,NO_SUCCESSOR
Bruteforce_HTTP,Bruteforce_HTTP.csv,ATTACK\PasswordHacking\Bruteforce\Bruteforce_HTTP.csv,,,1718817993.022316,1718819013.55508,,,,,NO_SUCCESSOR
Bruteforce_SSH,Bruteforce_SSH.csv,ATTACK\PasswordHacking\Bruteforce\Bruteforce_SSH.csv,,,1718797311.015226,1718800199.401664,,,,,NO_SUCCESSOR
Bruteforce_XMPP,Bruteforce_XMPP.csv,ATTACK\PasswordHacking\Bruteforce\Bruteforce_XMPP.csv,,,1719081182.912386,1719082970.583652,,,,,NO_SUCCESSOR
Dictionary_AMQP,Dictionary_AMQP.csv,ATTACK\PasswordHacking\Dictionary\Dictionary_AMQP.csv,,,1719083449.676021,1719084829.495036,,,,,NO_SUCCESSOR
Dictionary_FTP,Dictionary_FTP.csv,ATTACK\PasswordHacking\Dictionary\Dictionary_FTP.csv,,,1718800502.31629,1718807283.570713,,,,,NO_SUCCESSOR
Dictionary_HTTP,Dictionary_HTTP.csv,ATTACK\PasswordHacking\Dictionary\Dictionary_HTTP.csv,,,1718816293.368533,1718817886.533522,,,,,NO_SUCCESSOR
Dictionary_MQTT,Dictionary_MQTT.csv,ATTACK\PasswordHacking\Dictionary\Dictionary_MQTT.csv,,,1719074313.972418,1719075354.089178,,,,,NO_SUCCESSOR
Dictionary_SSH,Dictionary_SSH.csv,ATTACK\PasswordHacking\Dictionary\Dictionary_SSH.csv,,,1718643504.284772,1718648749.820422,,,,,NO_SUCCESSOR
Dictionary_XMPP,Dictionary_XMPP.csv,ATTACK\PasswordHacking\Dictionary\Dictionary_XMPP.csv,,,1719076144.632614,1719081059.471469,,,,,NO_SUCCESSOR
Injection_upload,Injection_upload.csv,ATTACK\Injection\upload\Injection_upload.csv,,,1719064837.208833,1719064978.629416,,,,,NO_SUCCESSOR
MiTM_Sniffing,MiTM_Sniffing.csv,ATTACK\MiTM\Sniffing\MiTM_Sniffing.csv,,,1719233793.426605,1719234920.122236,,,,,NO_SUCCESSOR
SQL_Injection,SQL_Injection.csv,ATTACK\Injection\SQLinjection\SQL_Injection.csv,,,1718909525.801695,1718910645.398719,,,,,NO_SUCCESSOR
Scan_Recon,Scan_Recon1.csv,ATTACK\Scan\Recon\Scan_Recon1.csv,Scan_Recon2.csv,ATTACK\Scan\Recon\Scan_Recon2.csv,1718454883.489635,1718457649.453014,1718465012.421845,7362.968831062317,True,True,SEPARATE_SESSION
Scan_Recon,Scan_Recon2.csv,ATTACK\Scan\Recon\Scan_Recon2.csv,,,1718465012.421845,1718465865.044744,,,,,NO_SUCCESSOR
Scan_Vulscan,Scan_Vulscan1.csv,ATTACK\Scan\VulScan\Scan_Vulscan1.csv,,,1718459397.481102,1718464690.549889,,,,,NO_SUCCESSOR
Slowloris,Slowloris.csv,ATTACK\DDoS\Slowloris\Slowloris.csv,,,1718478612.058792,1718479018.6517,,,,,NO_SUCCESSOR
Spyware_Keylogger,Spyware_Keylogger.csv,ATTACK\Spyware\Keylogger\Spyware_Keylogger.csv,,,1718988087.201132,1718992290.375986,,,,,NO_SUCCESSOR
TCP_SYN,TCP_SYN_0.csv,ATTACK\DDoS\TCP\TCP_SYN_0.csv,,,1718041923.413769,1718041983.413769,,,,,NO_SUCCESSOR
XSS_Injection,XSS_Injection.csv,ATTACK\Injection\XSS\XSS_Injection.csv,XSS_Injection1.csv,ATTACK\Injection\XSS\XSS_Injection1.csv,1718978734.528489,1718979428.200316,1718979589.590131,161.3898150920868,True,True,SEPARATE_SESSION
XSS_Injection,XSS_Injection1.csv,ATTACK\Injection\XSS\XSS_Injection1.csv,,,1718979589.590131,1718981657.305366,,,,,NO_SUCCESSOR
arp_poisioning,arp_poisioning.csv,ATTACK\MiTM\Poisoning\arp_poisioning.csv,,,1719235850.831213,1719236074.852087,,,,,NO_SUCCESSOR
bonesi_udp,bonesi_udp_0.csv,ATTACK\DDoS\UDP\bonesi_udp_0.csv,bonesi_udp_1.csv,ATTACK\DDoS\UDP\bonesi_udp_1.csv,1718125905.740215,1718125965.740078,1718125965.740306,0.00022792816162109375,True,True,CONTINUOUS
bonesi_udp,bonesi_udp_1.csv,ATTACK\DDoS\UDP\bonesi_udp_1.csv,bonesi_udp_2.csv,ATTACK\DDoS\UDP\bonesi_udp_2.csv,1718125965.740306,1718126025.739696,1718126025.752237,0.012541055679321289,True,True,CONTINUOUS
bonesi_udp,bonesi_udp_2.csv,ATTACK\DDoS\UDP\bonesi_udp_2.csv,,,1718126025.752237,1718126085.74009,,,,,NO_SUCCESSOR
botnet_udp,botnet_udp_3.csv,ATTACK\DDoS\UDP\botnet_udp_3.csv,botnet_udp_4.csv,ATTACK\DDoS\UDP\botnet_udp_4.csv,1718477632.834087,1718477692.51198,1718477692.834099,0.32211899757385254,True,True,CONTINUOUS
botnet_udp,botnet_udp_4.csv,ATTACK\DDoS\UDP\botnet_udp_4.csv,botnet_udp_5.csv,ATTACK\DDoS\UDP\botnet_udp_5.csv,1718477692.834099,1718477752.343437,1718477752.83409,0.49065303802490234,True,True,CONTINUOUS
botnet_udp,botnet_udp_5.csv,ATTACK\DDoS\UDP\botnet_udp_5.csv,,,1718477752.83409,1718477800.191958,,,,,NO_SUCCESSOR
hping3_ICMP_Flood,hping3_ICMP_Flood.csv,ATTACK\DDoS\ICMP_Flood\hping3_ICMP_Flood.csv,,,1718121270.103488,1718121931.323726,,,,,NO_SUCCESSOR
hping3_udp,hping3_udp_6.csv,ATTACK\DDoS\UDP\hping3_udp_6.csv,hping3_udp_7.csv,ATTACK\DDoS\UDP\hping3_udp_7.csv,1718117945.235745,1718118005.234109,1718118005.237263,0.0031540393829345703,True,True,CONTINUOUS
hping3_udp,hping3_udp_7.csv,ATTACK\DDoS\UDP\hping3_udp_7.csv,hping3_udp_8.csv,ATTACK\DDoS\UDP\hping3_udp_8.csv,1718118005.237263,1718118065.235402,1718118065.235927,0.0005249977111816406,True,True,CONTINUOUS
hping3_udp,hping3_udp_8.csv,ATTACK\DDoS\UDP\hping3_udp_8.csv,hping3_udp_9.csv,ATTACK\DDoS\UDP\hping3_udp_9.csv,1718118065.235927,1718118125.230051,1718118125.36892,0.138869047164917,True,True,CONTINUOUS
hping3_udp,hping3_udp_9.csv,ATTACK\DDoS\UDP\hping3_udp_9.csv,hping3_udp_10.csv,ATTACK\DDoS\UDP\hping3_udp_10.csv,1718118125.36892,1718118185.234739,1718118185.238694,0.003954887390136719,True,True,CONTINUOUS
hping3_udp,hping3_udp_10.csv,ATTACK\DDoS\UDP\hping3_udp_10.csv,,,1718118185.238694,1718118245.231332,,,,,NO_SUCCESSOR
normal,normal.csv,NORMAL\normal.csv,,,1717680576.835656,1717690714.707187,,,,,NO_SUCCESSOR
